{"count":1,"gauges":{},"self":4.0873956,"total":4.0974186999999995,"children":{"AgentResetIfDone":{"count":191,"self":0.0019946,"total":0.0019946,"children":null},"AgentSendState":{"count":191,"self":0.0030191999999999997,"total":0.0030191999999999997,"children":{"CollectObservations":{"count":191,"self":0,"total":0,"children":null}}},"DecideAction":{"count":191,"self":0.0020158999999999997,"total":0.0020158999999999997,"children":null},"AcademyStep":{"count":191,"self":0,"total":0,"children":null},"AgentAct":{"count":191,"self":0.0019963999999999997,"total":0.0019963999999999997,"children":null}}}