{"cameraMode":{"drawMode":0,"name":"Shaded","section":"Shading Mode"},"sceneLighting":true,"audioPlay":false,"sceneViewState":{"showFog":true,"showMaterialUpdate":false,"showSkybox":true,"showFlares":true,"showImageEffects":true,"showParticleSystems":true},"in2DMode":false,"pivot":{"x":571.7977905273438,"y":482.1416320800781,"z":-85.0726318359375},"rotation":{"x":0.04644974693655968,"y":-0.037151582539081576,"z":0.0017423528479412199,"w":0.998245120048523},"size":207.27194213867188,"orthographic":false}